{"num_gtw": 441.0, "p_fc_max": 600.0, "p_hpg_max": 3087.0, "p_hp_max": 0.0, "p_hp1_max": 0.0, "p_hp2_max": 0.0, "p_ac_max": 0.0, "p_eb_max": 0.0, "p_el_max": 1691.0243039121888, "hst": 320.94044282764145, "m_ht": 4379459.530763802, "m_ct": 0.0, "area_pv": 27793.567204849984, "area_sc": 0.0, "p_co": 43.05652262135138, "nm3_el_max": "378.8", "g_hpg_gr": [22011.21593961055, 2989.8326856037907, 0.0, 0.0], "g_hpg": [0.0, 0.0, 0.0, 354006.3880891805], "q_hpg": [0.0, 739465.6154733637, 0.0, 0.0]}