{"num_gtw": 97.00000000000001, "p_fc_max": 0.0, "p_hpg_max": 679.0000000000001, "p_hp_max": 0.0, "p_hp1_max": 0.0, "p_hp2_max": 0.0, "p_ac_max": 0.0, "p_eb_max": 333.4310832821133, "p_el_max": 0.0, "hst": 0.0, "m_ht": 292765.04280724545, "m_ct": 42486.568444493714, "area_pv": 791.5465894213419, "area_sc": 0.0, "p_co": 0.0, "nm3_el_max": "0.0", "revenue_ele": 315861.8400000058, "revenue_heat": 3195160.0, "revenue_cold": 6771200.0, "g_hpg_gr": [0.0, 0.0, 0.0, 0.0], "g_hpg": [0.0, 0.0, 148736.22821535886, 248843.5746059831], "q_hpg": [0.0, 35300.57371060562, 0.0, 0.0]}