{"num_gtw": 400.0, "p_fc_max": 600.0, "p_hpg_max": 2800.0, "p_hp_max": 0.0, "p_hp1_max": 0.0, "p_hp2_max": 0.0, "p_ac_max": 0.0, "p_eb_max": 0.0, "p_el_max": 1793.7021850297547, "hst": 343.6038225757995, "m_ht": 4170598.6763377977, "m_ct": 1513793.953048053, "area_pv": 107000.0, "area_sc": 0.0, "p_co": 45.67088629479061, "nm3_el_max": "401.8", "g_hpg_gr": [2113.742346066516, 2831.966306195478, 0.0, 0.0], "g_hpg": [0.0, 0.0, 0.0, 339147.4341021944], "q_hpg": [0.0, 741167.6530520428, 0.0, 0.0]}